id;Nombre;Pais;Provincia;Ciudad;latitud;longitud;Tipo
1;Banco de Loja;Ecuador;Loja;Loja;-39.981.143;-792.019.862;Bancos y Cooperativas
;BanEcuador;Ecuador;Loja;Loja;-39.962.408;-792.026.433;Bancos y Cooperativas
;"Banco ""Guayaquil""";Ecuador;Loja;Loja;-3.996.123;-792.009.437;Bancos y Cooperativas
;"Banco ""Pichincha""";Ecuador;Loja;Loja;-3.997.113;-792.011.878;Bancos y Cooperativas
;Banco Internacional;Ecuador;Loja;Loja;-40.002.813;-792.019.368;Bancos y Cooperativas
;Agencia Banco de Loja;Ecuador;Loja;Loja;-39.964.804;-792.064.707;Bancos y Cooperativas
;Banco Del Pacífico S.A.;Ecuador;Loja;Loja;-39.822.546;-7.920.493;Bancos y Cooperativas
;Banco Solidario;Ecuador;Loja;Loja;-39.963.649;-792.036.266;Bancos y Cooperativas
;Produbanco;Ecuador;Loja;Loja;-39.963.809;-792.012.775;Bancos y Cooperativas
;Banco de Machala;Ecuador;Loja;Loja;-39.963.006;-79.202.228;Bancos y Cooperativas
;Cooperativa Financiera Padre Julián Lorente Ltda.;Ecuador;Loja;Loja;-40.011.912;-791.995.072;Bancos y Cooperativas
;Banco Del Austro;Ecuador;Loja;Loja;-39.961.937;-792.009.094;Bancos y Cooperativas
;Wester Union;Ecuador;Loja;Loja;-39.973.876;-79.203.165;Bancos y Cooperativas
;BancoDesarrollo;Ecuador;Loja;Loja;-39.788.984;-792.035.183;Bancos y Cooperativas
;Qbe Seguros;Ecuador;Loja;Loja;-39.926.255;-792.008.388;Bancos y Cooperativas
;Banco del Austro;Ecuador;Loja;Loja;-3.987.006;-793.583.315;Bancos y Cooperativas
;Cooperativa de ahorro y credito Fortuna;Ecuador;Loja;Loja;-39.941.141;-792.021.766;Bancos y Cooperativas
;29 DE OCTUBRE - Cooperativa de ahorro y crédito ltda.;Ecuador;Loja;Loja;-39.916.178;-792.025.265;Bancos y Cooperativas
;CACEL - Cooperativa de ahorro y crédito educadores de Loja;Ecuador;Loja;Loja;-39.998.341;-792.019.753;Bancos y Cooperativas
;JEP - Cooperativa de ahorro y crédito Juventud Ecuatoriana Progresista;Ecuador;Loja;Loja;-40.017.941;-792.036.117;Bancos y Cooperativas
;CAPILLA DE LA DOLOROSA;Ecuador;Loja;Loja;-39.965.399;-791.998.909;Iglesias
;IGLESIA LA CATEDRAL;Ecuador;Loja;Loja;-39.964.969;-792.010.966;Iglesias
;IGLESIA DE BELEN LA SAGRADA FAMILIA;Ecuador;Loja;Loja;-39.782.887;-792.249.703;Iglesias
;IGLESIA DE SAN FRANCISCO DE ASIS;Ecuador;Loja;Loja;-39.949.313;-792.016.281;Iglesias
;IGLESIA DE SAN ISIDRO LABRADOR;Ecuador;Loja;Loja;-40.284.413;-792.025.027;Iglesias
;IGLESIA DE SAN SEBASTIAN;Ecuador;Loja;Loja;-40.020.329;-792.014.936;Iglesias
;IGLESIA DE SANTO DOMINGO;Ecuador;Loja;Loja;-39.983.813;-792.013.568;Iglesias
;IGLESIA DEL PERPETUO SOCORRO;Ecuador;Loja;Loja;-40.036.564;-792.055.477;Iglesias
;LA IGLESIA DE LAS MADRES CONCEPTAS;Ecuador;Loja;Loja;-39.972.864;-792.008.782;Iglesias
;LA IGLESIA DE SAN PEDRO;Ecuador;Loja;Loja;-40.065.956;-792.074.259;Iglesias
;LA IGLESIA DEL VALLE;Ecuador;Loja;Loja;-39.814.019;-79.201.344;Iglesias
;Iglesia del Divino Niño;Ecuador;Loja;Loja;-40.102.164;-79.215.492;Iglesias
;IGLESIA DEL PEDESTAL;Ecuador;Loja;Loja;-39.952.775;-792.082.487;Iglesias
;VIRGEN DE LOS DOLORES CARIGAN;Ecuador;Loja;Loja;-39.592.198;-792.414.283;Iglesias
;"""CRISTO REY";Ecuador;Loja;Loja;-39.699.497;-792.085.665;Iglesias
;IGLESIA DE BOLONIA;Ecuador;Loja;Loja;-39.953.243;-792.380.655;Iglesias
;IGLESIA CLODOVEO JARAMILLO;Ecuador;Loja;Loja;-39.822.555;-792.128.997;Iglesias
;Iglesia la pradera;Ecuador;Loja;Loja;-40.137.175;-791.995.282;Iglesias
;Iglesia de la daniel alvarez;Ecuador;Loja;Loja;-40.185.577;-792.111.294;Iglesias
;“NUESTRA SEÑORA DEL ROSARIO;Ecuador;Loja;Loja;-4.007.027;-791.867.689;Iglesias
;SANTO EVANGELIO” (SEÑOR CAUTIVO);Ecuador;Loja;Loja;-39.480.007;-792.150.944;Iglesias
;SAN CAYETANO;Ecuador;Loja;Loja;-3.985.665;-791.976.768;Iglesias
;Iglesia de zamora huayco;Ecuador;Loja;Loja;-40.071.655;-791.868.165;Iglesias
;Salón Lolita;Ecuador;Loja;Loja;-39.810.229;-792.015.606;Restaurantes
;Riscomar;Ecuador;Loja;Loja;-39.979.425;-792.022.875;Restaurantes
;VidaVentura grill&sports;Ecuador;Loja;Loja;-39.935.169;-792.024.029;Restaurantes
;Casa Sol;Ecuador;Loja;Loja;-39.960.657;-792.025.049;Restaurantes
;Mama Lola;Ecuador;Loja;Loja;-39.779.515;-792.010.101;Restaurantes
;Dumas Trattoria & Restaurant;Ecuador;Loja;Loja;-39.961.749;-792.012.017;Restaurantes
;Parrilladas el Fogon;Ecuador;Loja;Loja;-39.762.369;-792.043.956;Restaurantes
;Toro Rojo Steakhouse;Ecuador;Loja;Loja;-4.001.276;-791.988.834;Restaurantes
;Arsenia Restaurante;Ecuador;Loja;Loja;-39.934.085;-792.014.081;Restaurantes
;OINK Bar & Grill;Ecuador;Loja;Loja;-3.998.412;-791.980.375;Restaurantes
;El Tamal Lojano;Ecuador;Loja;Loja;-40.009.229;-791.976.437;Restaurantes
;CBC - California Burrito Co;Ecuador;Loja;Loja;-40.096.549;-792.029.457;Restaurantes
;El Carbonero;Ecuador;Loja;Loja;-39.987.764;-791.981.429;Restaurantes
;Asadero Los Naranjos;Ecuador;Loja;Loja;-39.822.757;-792.016.578;Restaurantes
;Deja Vu Restaurant ;Ecuador;Loja;Loja;-39.967.127;-792.012.277;Restaurantes
;Parrilladas Uruguayas;Ecuador;Loja;Loja;-3.991.856;-792.051.006;Restaurantes
;Sushi Cat;Ecuador;Loja;Loja;-39.940.778;-791.985.277;Restaurantes
;Mar Rojo Restaurant;Ecuador;Loja;Loja;-39.958.867;-791.976.059;Restaurantes
;Artesanale;Ecuador;Loja;Loja;-39.973.599;-792.027.594;Restaurantes
;Nachos del Guero;Ecuador;Loja;Loja;-39.940.249;-791.982.387;Restaurantes
